,ID,Min Age,Max Age,Age Span,Number of Age Ranges,Number of Images,Gender
0,2,31.0,69.0,38.0,4,60,1.0
1,17,22.5,47.5,25.0,3,36,0.0
2,24,17.0,83.0,66.0,7,187,1.0
3,29,21.5,74.0,52.5,6,88,1.0
4,30,20.0,77.0,57.0,6,64,1.0
5,35,11.5,83.0,71.5,7,173,1.0
6,43,7.0,74.0,67.0,8,166,0.0
7,59,20.5,45.0,24.5,3,59,0.0
8,62,10.0,44.0,34.0,4,33,0.0
9,65,19.0,53.5,34.5,5,76,1.0
10,95,11.0,44.0,33.0,4,59,0.0
11,119,36.0,56.5,20.5,3,37,1.0
12,123,26.0,76.5,50.5,6,45,1.0
13,135,36.5,77.0,40.5,5,31,1.0
14,139,37.0,88.5,51.5,5,42,1.0
15,151,24.5,72.0,47.5,4,37,0.0
16,191,27.0,76.5,49.5,6,55,1.0
17,208,6.0,49.0,43.0,5,84,0.0
18,210,24.0,55.0,31.0,4,54,1.0
19,218,9.5,48.0,38.5,5,39,0.0
20,228,26.5,84.0,57.5,6,59,1.0
21,243,25.5,80.5,55.0,5,93,1.0
22,244,11.0,72.0,61.0,6,231,1.0
23,255,27.0,76.0,49.0,6,83,1.0
24,266,23.0,81.0,58.0,5,100,1.0
25,267,7.0,46.5,39.5,4,86,0.0
26,269,21.0,46.5,25.5,3,48,0.0
27,280,26.0,79.0,53.0,6,54,1.0
28,281,31.0,73.0,42.0,5,38,1.0
29,288,9.0,52.5,43.5,6,39,0.0
30,289,27.0,51.0,24.0,4,36,1.0
31,290,20.5,76.0,55.5,5,67,1.0
32,298,31.0,78.0,47.0,5,41,1.0
33,302,19.0,39.0,20.0,3,36,0.0
34,304,24.0,60.0,36.0,4,44,0.0
35,310,14.0,48.5,34.5,4,37,1.0
36,314,16.5,65.0,48.5,6,85,1.0
37,318,26.5,86.5,60.0,5,44,1.0
38,324,34.0,72.0,38.0,5,50,1.0
39,325,13.0,43.0,30.0,4,55,0.0
40,342,20.0,76.5,56.5,7,64,1.0
41,370,30.0,68.0,38.0,5,76,1.0
42,373,23.0,41.0,18.0,3,31,0.0
43,389,27.5,74.0,46.5,6,43,1.0
44,405,37.0,81.0,44.0,5,38,1.0
45,418,33.0,65.5,32.5,4,31,1.0
46,424,24.5,54.5,30.0,4,29,0.0
47,426,25.0,66.0,41.0,5,58,1.0
48,432,26.5,66.5,40.0,5,57,1.0
49,440,28.0,60.0,32.0,4,44,1.0
50,443,23.0,59.0,36.0,4,103,1.0
51,447,30.5,60.0,29.5,3,45,1.0
52,448,9.0,46.0,37.0,5,81,1.0
53,451,29.0,81.0,52.0,6,45,1.0
54,454,16.5,44.5,28.0,4,37,0.0
55,461,27.5,72.5,45.0,6,42,1.0
56,465,27.5,47.0,19.5,3,30,0.0
57,481,41.0,86.0,45.0,4,44,1.0
58,484,6.0,66.5,60.5,6,61,1.0
59,518,5.0,57.0,52.0,6,96,0.0
60,520,24.0,56.0,32.0,4,29,1.0
61,556,23.0,42.5,19.5,3,55,0.0
62,561,5.0,65.5,60.5,6,31,1.0
63,564,6.5,46.0,39.5,4,48,0.0
64,581,29.0,89.0,60.0,6,90,1.0
65,597,12.5,72.0,59.5,6,57,0.0
66,600,7.0,43.5,36.5,5,34,0.0
67,604,14.0,66.0,52.0,5,40,1.0
68,607,31.5,84.5,53.0,5,77,1.0
69,609,27.0,74.0,47.0,6,104,1.0
70,629,29.0,64.0,35.0,5,59,1.0
71,631,27.0,67.0,40.0,5,38,1.0
72,632,12.5,48.0,35.5,4,78,1.0
73,634,35.5,81.0,45.5,5,30,1.0
74,640,25.5,76.0,50.5,6,45,1.0
75,656,8.0,65.0,57.0,6,57,1.0
76,661,31.5,65.0,33.5,4,37,1.0
77,672,36.5,84.0,47.5,5,80,1.0
78,681,20.0,51.5,31.5,5,57,0.0
79,682,24.0,88.0,64.0,6,45,1.0
80,691,23.0,72.5,49.5,6,36,1.0
81,692,17.0,66.5,49.5,6,30,1.0
82,703,31.0,68.0,37.0,4,47,1.0
83,705,27.0,56.0,29.0,4,41,1.0
84,710,10.5,43.0,32.5,4,32,0.0
85,718,24.5,70.5,46.0,5,58,1.0
86,719,27.5,55.0,27.5,4,47,1.0
87,721,23.5,65.5,42.0,5,84,1.0
88,730,7.0,56.5,49.5,5,66,0.0
89,734,5.0,54.0,49.0,5,41,0.0
90,735,13.5,83.0,69.5,6,53,1.0
91,747,25.5,71.5,46.0,6,119,1.0
92,748,27.5,56.0,28.5,4,94,0.0
93,749,16.5,56.0,39.5,5,176,0.0
94,757,27.0,61.0,34.0,5,51,1.0
95,760,24.0,78.5,54.5,6,64,1.0
96,771,19.5,34.0,14.5,3,60,0.0
97,773,26.5,83.0,56.5,6,51,1.0
98,777,9.0,81.0,72.0,8,48,1.0
99,809,26.0,46.0,20.0,3,36,0.0
100,810,39.0,86.0,47.0,5,47,1.0
101,816,20.5,44.0,23.5,3,32,0.0
102,822,23.5,40.5,17.0,3,48,0.0
103,823,31.0,65.0,34.0,4,35,1.0
104,833,28.0,56.0,28.0,4,36,1.0
105,834,21.0,67.0,46.0,5,32,1.0
106,840,26.0,42.0,16.0,3,48,0.0
107,844,23.0,64.5,41.5,5,118,1.0
108,853,22.5,46.5,24.0,3,36,1.0
109,857,27.0,46.0,19.0,3,36,1.0
110,874,23.0,49.5,26.5,3,36,0.0
111,877,6.5,41.0,34.5,5,32,0.0
112,879,21.5,43.0,21.5,3,57,0.0
113,880,12.0,43.5,31.5,4,70,0.0
114,885,29.0,56.0,27.0,4,51,1.0
115,895,2.0,55.0,53.0,5,63,0.0
116,900,14.0,47.5,33.5,4,87,0.0
117,901,19.5,54.0,34.5,5,59,1.0
118,903,23.0,74.0,51.0,6,53,1.0
119,909,8.5,46.0,37.5,5,77,0.0
120,911,8.0,42.5,34.5,4,42,1.0
121,912,27.0,88.5,61.5,6,39,0.0
122,918,24.0,48.5,24.5,3,36,0.0
123,927,13.5,56.0,42.5,5,53,0.0
124,934,13.0,64.0,51.0,6,31,1.0
125,938,27.0,60.0,33.0,4,39,1.0
126,939,27.0,50.0,23.0,3,44,0.0
127,941,19.0,47.5,28.5,4,100,1.0
128,942,26.5,46.0,19.5,3,31,0.0
129,946,20.0,46.0,26.0,4,45,0.0
130,964,23.5,44.0,20.5,3,34,0.0
131,985,19.0,56.0,37.0,5,152,1.0
132,988,25.0,59.0,34.0,4,71,1.0
133,992,27.0,51.0,24.0,4,48,1.0
134,1011,25.0,54.0,29.0,4,37,0.0
135,1012,7.0,67.0,60.0,6,136,1.0
136,1015,8.5,38.0,29.5,4,51,0.0
137,1019,27.0,54.0,27.0,4,55,1.0
138,1029,23.0,49.5,26.5,3,40,1.0
139,1032,31.5,53.5,22.0,3,32,0.0
140,1054,22.5,49.0,26.5,3,63,1.0
141,1055,25.5,47.5,22.0,3,107,0.0
142,1059,54.0,88.5,34.5,3,30,1.0
143,1068,22.5,46.0,23.5,3,30,0.0
144,1080,13.0,56.0,43.0,5,98,1.0
145,1088,18.5,47.0,28.5,4,63,0.0
146,1096,6.0,39.0,33.0,4,49,0.0
147,1100,15.0,56.0,41.0,5,33,1.0
148,1103,20.0,41.5,21.5,4,33,0.0
149,1108,13.0,47.0,34.0,3,38,0.0
150,1111,12.0,48.5,36.5,4,54,0.0
151,1114,23.0,42.0,19.0,3,34,0.0
152,1119,17.0,52.5,35.5,5,36,0.0
153,1120,19.0,46.0,27.0,4,131,0.0
154,1126,27.0,71.0,44.0,6,54,1.0
155,1130,23.5,66.0,42.5,4,111,1.0
156,1135,23.0,58.0,35.0,4,40,1.0
157,1137,26.0,43.0,17.0,3,30,0.0
158,1138,23.0,46.0,23.0,3,46,0.0
159,1155,10.0,73.5,63.5,8,38,0.0
160,1160,24.0,41.5,17.5,3,31,0.0
161,1162,25.0,42.0,17.0,3,32,0.0
162,1169,12.0,46.0,34.0,4,38,0.0
163,1174,16.0,56.0,40.0,5,176,0.0
164,1177,8.0,46.0,38.0,5,80,0.0
165,1181,24.0,50.0,26.0,3,31,0.0
166,1184,23.0,44.0,21.0,3,81,0.0
167,1201,22.5,56.0,33.5,4,35,1.0
168,1202,36.0,56.5,20.5,3,71,1.0
169,1203,26.5,50.0,23.5,3,55,0.0
170,1212,5.0,61.0,56.0,7,64,0.0
171,1213,19.0,39.0,20.0,3,49,0.0
172,1223,27.0,62.0,35.0,5,60,1.0
173,1224,27.0,51.0,24.0,4,32,0.0
174,1227,6.0,82.0,76.0,6,46,1.0
175,1229,4.0,51.5,47.5,6,42,0.0
176,1234,13.5,46.0,32.5,4,39,0.0
177,1238,30.5,56.5,26.0,3,45,1.0
178,1250,6.0,51.0,45.0,6,58,0.0
179,1253,27.0,63.5,36.5,5,38,1.0
180,1256,23.0,53.0,30.0,4,49,1.0
181,1258,12.0,41.0,29.0,4,47,0.0
182,1298,20.0,64.0,44.0,5,33,1.0
183,1301,32.0,82.0,50.0,5,48,1.0
184,1303,24.0,64.0,40.0,4,35,1.0
185,1306,20.0,79.0,59.0,7,69,1.0
186,1315,25.5,56.5,31.0,4,37,1.0
187,1318,21.5,65.0,43.5,5,59,1.0
188,1323,19.5,53.0,33.5,5,38,0.0
189,1326,15.0,60.5,45.5,6,64,1.0
190,1337,28.0,65.0,37.0,5,58,1.0
191,1358,13.0,84.0,71.0,7,40,1.0
192,1360,19.5,51.5,32.0,5,31,1.0
193,1363,21.5,51.0,29.5,4,39,1.0
194,1364,28.5,54.5,26.0,4,36,1.0
195,1366,16.0,67.0,51.0,6,33,1.0
196,1384,9.0,46.0,37.0,4,61,1.0
197,1396,24.5,65.0,40.5,5,40,1.0
198,1404,27.0,46.0,19.0,3,46,1.0
199,1406,15.0,44.0,29.0,4,44,1.0
200,1409,41.5,79.0,37.5,4,33,1.0
201,1411,29.5,59.0,29.5,4,30,1.0
202,1413,20.0,72.0,52.0,7,36,1.0
203,1415,25.0,55.5,30.5,4,33,1.0
204,1420,13.0,53.5,40.5,5,38,1.0
205,1421,9.5,39.5,30.0,4,41,0.0
206,1433,13.0,39.5,26.5,3,47,1.0
207,1434,7.0,44.0,37.0,5,111,1.0
208,1441,15.5,85.5,70.0,5,47,0.0
209,1450,22.0,59.5,37.5,4,30,1.0
210,1456,25.5,46.0,20.5,3,33,1.0
211,1461,20.5,43.0,22.5,3,42,0.0
212,1473,28.5,68.0,39.5,5,34,1.0
213,1479,44.5,84.0,39.5,4,41,1.0
214,1484,21.0,44.0,23.0,3,35,0.0
215,1491,5.0,44.0,39.0,4,31,0.0
216,1506,28.0,61.0,33.0,5,42,1.0
217,1511,26.0,56.5,30.5,4,36,1.0
218,1514,5.0,56.0,51.0,6,72,0.0
219,1519,14.5,59.5,45.0,5,33,1.0
220,1523,5.0,84.0,79.0,8,49,1.0
221,1535,25.0,71.0,46.0,6,58,1.0
222,1536,28.0,58.5,30.5,4,42,1.0
223,1538,22.0,63.0,41.0,4,58,1.0
224,1546,19.5,40.5,21.0,4,61,0.0
225,1552,29.0,49.5,20.5,3,75,1.0
226,1555,20.0,46.0,26.0,4,34,0.0
227,1561,29.5,54.0,24.5,4,34,1.0
228,1563,11.0,44.0,33.0,4,36,0.0
229,1564,27.0,52.0,25.0,4,40,1.0
230,1571,19.0,56.0,37.0,5,31,1.0
231,1575,8.5,52.0,43.5,5,38,0.0
232,1576,21.0,55.5,34.5,4,36,1.0
233,1580,39.5,70.0,30.5,4,36,1.0
234,1597,7.0,73.5,66.5,6,31,1.0
235,1600,24.0,71.0,47.0,5,36,1.0
236,1603,9.5,48.5,39.0,5,58,0.0
237,1606,23.0,41.0,18.0,3,34,0.0
238,1607,27.0,73.0,46.0,5,31,1.0
239,1613,7.0,56.0,49.0,5,75,1.0
240,1614,15.0,45.0,30.0,4,36,1.0
241,1619,18.5,56.0,37.5,5,37,1.0
242,1631,23.0,72.0,49.0,6,60,1.0
243,1635,31.5,71.5,40.0,5,42,1.0
244,1641,5.0,64.5,59.5,6,62,0.0
245,1652,22.0,54.0,32.0,4,46,1.0
246,1655,19.0,42.0,23.0,4,173,0.0
247,1660,31.0,59.0,28.0,3,41,1.0
248,1664,13.0,55.0,42.0,5,115,1.0
249,1666,24.0,50.5,26.5,4,44,0.0
250,1686,23.0,46.5,23.5,3,52,0.0
251,1691,23.0,61.5,38.5,5,30,1.0
252,1706,24.5,50.0,25.5,3,43,1.0
253,1707,21.0,40.5,19.5,3,47,0.0
254,1777,19.0,51.5,32.5,5,45,0.0
255,1798,11.0,75.5,64.5,5,63,1.0
256,1807,39.0,71.0,32.0,5,30,1.0
257,1809,24.0,83.5,59.5,5,32,1.0
258,1812,30.0,46.5,16.5,3,34,1.0
259,1813,16.0,50.5,34.5,5,35,1.0
260,1816,6.5,58.5,52.0,6,33,0.0
261,1823,11.0,55.0,44.0,5,34,0.0
262,1847,29.5,54.0,24.5,4,33,0.0
263,1858,37.0,77.0,40.0,5,36,1.0
264,1860,17.0,38.5,21.5,3,36,0.0
265,1873,6.0,63.5,57.5,5,95,0.0
266,1877,23.0,65.0,42.0,4,45,1.0
267,1880,23.5,51.0,27.5,4,41,1.0
268,1885,29.0,58.0,29.0,4,40,1.0
269,1897,33.5,66.0,32.5,4,34,0.0
270,1901,29.5,64.0,34.5,4,42,0.0
271,1908,20.0,35.0,15.0,3,31,0.0
272,1910,11.0,56.0,45.0,5,55,0.0
273,1935,21.0,45.5,24.5,3,94,0.0
274,1940,11.5,51.0,39.5,4,43,1.0
275,1943,26.5,51.0,24.5,4,30,0.0
276,1950,20.5,54.0,33.5,4,39,1.0
277,1952,22.0,46.0,24.0,3,39,0.0
278,1953,27.0,57.0,30.0,4,57,1.0
279,1954,36.5,76.0,39.5,5,90,1.0
280,1957,14.0,79.0,65.0,7,48,1.0
281,1958,36.0,73.0,37.0,5,38,1.0
282,1966,19.5,58.5,39.0,5,128,1.0
283,1968,16.5,44.0,27.5,4,32,1.0
284,1977,22.0,55.0,33.0,4,48,0.0
285,1980,31.0,80.5,49.5,5,51,1.0
286,1986,22.0,46.0,24.0,3,32,1.0
287,1987,27.0,77.5,50.5,6,34,1.0
288,1997,20.5,55.0,34.5,4,36,1.0
289,2018,16.5,55.0,38.5,5,32,0.0
290,2028,23.0,50.5,27.5,4,48,1.0
291,2034,13.0,65.0,52.0,6,111,1.0
292,2040,27.0,57.5,30.5,4,79,1.0
293,2044,22.5,48.0,25.5,3,30,1.0
294,2062,28.5,84.5,56.0,6,37,0.0
295,2063,27.0,44.0,17.0,3,30,0.0
296,2065,24.5,49.0,24.5,3,37,1.0
297,2067,5.5,44.5,39.0,5,55,0.0
298,2076,16.0,50.0,34.0,4,55,0.0
299,2079,16.5,65.0,48.5,5,47,0.0
300,2085,23.0,51.0,28.0,4,94,1.0
301,2090,23.0,46.0,23.0,3,54,0.0
302,2092,21.5,46.5,25.0,3,47,1.0
303,2100,20.5,64.0,43.5,5,172,1.0
304,2106,25.0,63.0,38.0,5,39,1.0
305,2107,34.0,55.5,21.5,3,97,1.0
306,2112,29.0,60.0,31.0,4,69,1.0
307,2117,22.5,51.0,28.5,4,43,1.0
308,2121,35.0,87.5,52.5,5,102,1.0
309,2123,26.5,56.0,29.5,4,39,1.0
310,2125,31.0,62.5,31.5,4,31,1.0
311,2131,7.0,61.5,54.5,6,68,1.0
312,2141,34.5,64.0,29.5,4,30,1.0
313,2144,12.0,49.0,37.0,4,31,0.0
314,2155,23.0,46.0,23.0,3,31,0.0
315,2163,23.0,56.5,33.5,4,34,1.0
316,2164,24.0,54.0,30.0,4,186,0.0
317,2167,26.5,56.5,30.0,4,68,1.0
318,2170,27.0,46.0,19.0,3,31,1.0
319,2182,16.0,59.0,43.0,5,155,1.0
320,2183,23.0,40.5,17.5,3,39,0.0
321,2199,31.0,55.0,24.0,3,32,1.0
322,2204,25.5,53.0,27.5,4,65,1.0
323,2213,18.0,62.5,44.5,6,30,1.0
324,2222,24.0,52.0,28.0,4,46,1.0
325,2223,27.0,55.0,28.0,4,35,1.0
326,2232,27.0,56.0,29.0,4,31,1.0
327,2238,29.5,64.0,34.5,5,34,1.0
328,2244,9.5,56.5,47.0,6,269,1.0
329,2262,15.5,77.5,62.0,6,57,0.0
330,2275,24.0,73.0,49.0,6,145,1.0
331,2278,13.0,46.0,33.0,4,46,1.0
332,2282,24.0,76.0,52.0,5,39,1.0
333,2287,19.5,82.5,63.0,6,48,1.0
334,2289,15.5,54.5,39.0,5,113,1.0
335,2293,23.0,78.0,55.0,5,83,1.0
336,2305,18.5,44.5,26.0,4,31,1.0
337,2306,16.0,42.0,26.0,4,61,0.0
338,2308,14.0,71.0,57.0,6,100,1.0
339,2312,7.0,36.0,29.0,4,40,0.0
340,2323,30.0,44.0,14.0,3,37,0.0
341,2332,28.0,64.5,36.5,5,92,1.0
342,2355,25.0,46.5,21.5,3,58,1.0
343,2365,15.5,56.5,41.0,5,34,1.0
344,2366,21.0,46.0,25.0,3,37,1.0
345,2376,30.5,79.5,49.0,5,30,1.0
346,2383,35.0,64.0,29.0,4,31,1.0
347,2408,19.0,56.0,37.0,5,49,1.0
348,2422,33.5,59.0,25.5,3,36,0.0
349,2429,25.5,66.5,41.0,5,31,1.0
350,2434,6.0,46.0,40.0,5,93,0.0
351,2446,7.5,49.5,42.0,5,187,0.0
352,2447,6.0,38.5,32.5,4,32,0.0
353,2453,23.0,65.0,42.0,5,50,1.0
354,2478,27.0,51.0,24.0,4,54,1.0
355,2481,31.0,66.0,35.0,4,43,1.0
356,2485,14.0,55.5,41.5,5,134,1.0
357,2491,20.0,56.0,36.0,5,31,1.0
358,2500,27.0,44.5,17.5,3,54,0.0
359,2518,24.0,53.0,29.0,4,40,1.0
360,2520,13.0,44.0,31.0,4,60,0.0
361,2534,34.5,58.5,24.0,3,48,1.0
362,2552,5.0,75.0,70.0,6,95,1.0
363,2556,30.0,57.5,27.5,4,31,1.0
364,2559,27.0,59.0,32.0,4,77,1.0
365,2563,26.5,50.0,23.5,3,48,0.0
366,2574,27.0,46.0,19.0,3,48,1.0
367,2605,29.5,56.5,27.0,4,45,1.0
368,2613,14.0,81.0,67.0,6,81,1.0
369,2626,8.0,63.0,55.0,6,77,1.0
370,2628,21.0,41.5,20.5,3,30,0.0
371,2629,21.0,63.0,42.0,5,72,1.0
372,2631,19.0,38.0,19.0,3,31,1.0
373,2636,35.0,66.0,31.0,4,34,1.0
374,2647,28.0,82.5,54.5,5,33,1.0
375,2650,19.5,46.0,26.5,4,140,1.0
376,2667,9.0,74.0,65.0,7,55,0.0
377,2677,24.0,66.0,42.0,5,66,1.0
378,2694,28.5,58.0,29.5,4,45,1.0
379,2697,29.5,84.5,55.0,6,59,1.0
380,2705,15.0,50.5,35.5,5,36,0.0
381,2710,27.0,84.0,57.0,6,61,1.0
382,2720,27.0,58.5,31.5,4,31,1.0
383,2721,24.0,68.5,44.5,4,51,1.0
384,2731,28.0,58.0,30.0,4,138,1.0
385,2741,6.0,65.5,59.5,5,53,0.0
386,2749,21.0,69.0,48.0,5,569,1.0
387,2751,13.0,49.0,36.0,4,76,0.0
388,2753,27.0,59.5,32.5,4,30,1.0
389,2774,18.5,45.0,26.5,4,41,0.0
390,2777,11.5,54.0,42.5,5,44,1.0
391,2781,14.5,50.0,35.5,4,30,1.0
392,2784,24.0,76.0,52.0,6,51,1.0
393,2794,23.5,54.0,30.5,4,71,1.0
394,2798,30.0,71.5,41.5,6,42,1.0
395,2799,29.0,60.0,31.0,4,35,1.0
396,2802,24.0,54.0,30.0,4,64,1.0
397,2831,19.0,49.5,30.5,4,37,1.0
398,2847,27.0,55.5,28.5,4,51,1.0
399,2848,19.5,45.0,25.5,4,40,1.0
400,2852,37.0,66.0,29.0,4,32,1.0
401,2868,31.5,76.0,44.5,5,54,1.0
402,2872,22.5,44.0,21.5,3,49,0.0
403,2885,23.5,70.5,47.0,3,36,0.0
404,2894,23.0,63.0,40.0,4,42,1.0
405,2896,4.5,45.0,40.5,5,32,0.0
406,2902,27.0,64.5,37.5,5,108,1.0
407,2912,16.5,74.0,57.5,7,50,1.0
408,2920,27.0,67.5,40.5,5,106,1.0
409,2923,20.0,51.0,31.0,5,42,0.0
410,2924,7.0,43.5,36.5,4,31,0.0
411,2944,26.0,46.0,20.0,3,30,1.0
412,2946,4.5,46.0,41.5,4,38,0.0
413,2952,25.0,46.0,21.0,3,33,1.0
414,2957,13.5,46.0,32.5,4,35,1.0
415,2962,39.5,87.0,47.5,5,36,1.0
416,2968,23.5,46.0,22.5,3,57,0.0
417,2983,13.5,38.5,25.0,3,32,0.0
418,2984,27.0,59.0,32.0,4,76,1.0
419,2996,12.0,50.5,38.5,5,32,1.0
420,3003,20.0,35.0,15.0,3,60,0.0
421,3012,19.0,73.5,54.5,6,90,1.0
422,3038,21.0,60.0,39.0,4,30,1.0
423,3042,24.5,46.0,21.5,3,31,1.0
424,3059,26.5,46.5,20.0,3,47,0.0
425,3061,22.0,71.0,49.0,6,34,1.0
426,3066,13.0,88.0,75.0,7,69,1.0
427,3067,19.0,57.0,38.0,5,31,1.0
428,3079,23.0,54.0,31.0,4,29,0.0
429,3083,19.0,66.0,47.0,6,52,1.0
430,3092,33.0,74.0,41.0,4,30,1.0
431,3093,5.0,52.0,47.0,5,34,1.0
432,3094,24.0,41.0,17.0,3,37,0.0
433,3117,26.5,53.0,26.5,4,87,1.0
434,3129,27.5,69.0,41.5,5,39,1.0
435,3139,24.0,63.0,39.0,5,44,1.0
436,3146,6.5,56.0,49.5,5,38,0.0
437,3158,6.0,49.0,43.0,5,94,0.0
438,3163,11.5,46.0,34.5,4,34,0.0
439,3168,34.0,74.0,40.0,5,33,1.0
440,3183,13.0,47.5,34.5,4,42,1.0
441,3186,23.0,69.5,46.5,5,37,1.0
442,3188,23.5,58.0,34.5,4,32,1.0
443,3189,27.0,48.5,21.5,3,56,1.0
444,3216,20.0,65.0,45.0,6,33,1.0
445,3219,29.5,76.0,46.5,6,41,1.0
446,3220,26.5,56.0,29.5,4,36,1.0
447,3230,13.0,38.0,25.0,3,69,0.0
448,3231,20.5,43.0,22.5,3,98,0.0
449,3235,27.5,77.5,50.0,6,35,1.0
450,3236,7.5,55.5,48.0,5,40,0.0
451,3246,17.5,40.5,23.0,4,47,0.0
452,3247,31.0,58.5,27.5,3,30,1.0
453,3250,20.0,45.5,25.5,4,29,0.0
454,3253,23.0,56.0,33.0,4,59,1.0
455,3263,27.0,77.0,50.0,6,39,1.0
456,3276,16.5,74.5,58.0,7,75,1.0
457,3301,29.0,73.0,44.0,6,53,1.0
458,3309,13.0,44.0,31.0,4,31,1.0
459,3312,18.0,39.0,21.0,3,32,0.0
460,3317,22.5,41.5,19.0,3,36,0.0
461,3321,11.0,41.0,30.0,4,70,0.0
462,3323,27.0,68.0,41.0,5,33,1.0
463,3336,18.5,47.0,28.5,4,51,1.0
464,3343,27.0,70.0,43.0,5,75,1.0
465,3345,23.0,55.0,32.0,4,33,1.0
466,3348,22.5,69.0,46.5,5,163,1.0
467,3350,26.0,44.0,18.0,3,76,1.0
468,3355,29.0,54.0,25.0,4,32,1.0
469,3364,23.0,55.5,32.5,4,40,1.0
470,3372,13.0,44.0,31.0,4,49,0.0
471,3377,14.5,37.5,23.0,3,36,0.0
472,3398,24.0,71.5,47.5,5,63,1.0
473,3400,10.5,56.0,45.5,5,144,0.0
474,3430,19.5,54.5,35.0,5,171,1.0
475,3445,23.0,41.0,18.0,3,31,0.0
476,3457,13.0,55.5,42.5,4,92,1.0
477,3460,24.0,68.0,44.0,5,51,1.0
478,3466,23.0,55.0,32.0,4,47,1.0
479,3475,19.0,53.0,34.0,5,44,1.0
480,3478,24.0,46.0,22.0,3,49,1.0
481,3481,7.0,55.0,48.0,6,37,0.0
482,3488,27.0,65.5,38.5,5,31,1.0
483,3491,31.0,69.0,38.0,4,61,1.0
484,3496,25.0,54.5,29.5,4,81,1.0
485,3504,34.0,86.5,52.5,5,37,1.0
486,3513,36.5,63.5,27.0,4,33,1.0
487,3516,27.0,60.0,33.0,4,119,1.0
488,3522,11.0,63.5,52.5,4,38,0.0
489,3526,26.5,45.0,18.5,3,36,0.0
490,3533,23.0,44.0,21.0,3,59,0.0
491,3558,27.0,41.5,14.5,3,30,1.0
492,3570,22.5,57.0,34.5,4,51,1.0
493,3586,29.5,69.5,40.0,5,62,1.0
494,3588,7.0,72.0,65.0,6,63,1.0
495,3592,36.0,66.0,30.0,4,39,1.0
496,3601,23.0,42.0,19.0,3,45,0.0
497,3613,27.0,77.0,50.0,6,42,1.0
498,3618,14.5,51.0,36.5,5,73,1.0
499,3641,13.5,47.0,33.5,4,32,1.0
500,3645,5.0,82.0,77.0,8,78,1.0
501,3646,17.5,52.0,34.5,5,45,1.0
502,3647,22.5,50.5,28.0,4,35,1.0
503,3652,23.0,46.0,23.0,3,38,1.0
504,3664,27.0,61.5,34.5,5,42,1.0
505,3666,20.0,43.5,23.5,4,42,0.0
506,3668,25.0,63.0,38.0,5,48,1.0
507,3674,26.5,48.0,21.5,3,126,1.0
508,3676,29.0,53.0,24.0,4,57,1.0
509,3699,23.0,41.5,18.5,3,31,0.0
510,3706,27.0,64.0,37.0,5,37,1.0
511,3722,26.0,49.5,23.5,3,37,0.0
512,3727,27.0,45.5,18.5,3,53,0.0
513,3728,24.5,46.0,21.5,3,56,1.0
514,3730,24.0,43.0,19.0,3,43,0.0
515,3732,9.0,64.0,55.0,5,42,0.0
516,3758,27.0,58.0,31.0,4,92,1.0
517,3759,7.0,54.0,47.0,5,121,1.0
518,3760,27.0,60.5,33.5,5,35,1.0
519,3772,4.0,46.5,42.5,5,36,0.0
520,3782,27.5,56.5,29.0,4,34,1.0
521,3786,22.5,59.5,37.0,4,65,1.0
522,3798,26.0,66.0,40.0,5,39,1.0
523,3801,11.0,46.0,35.0,4,32,1.0
524,3810,22.0,46.0,24.0,3,30,1.0
525,3813,17.5,76.0,58.5,7,101,1.0
526,3860,13.0,41.0,28.0,4,45,0.0
527,3866,17.0,59.0,42.0,5,32,1.0
528,3872,5.0,65.0,60.0,7,42,0.0
529,3914,27.0,54.0,27.0,4,58,0.0
530,3917,26.0,45.5,19.5,3,39,0.0
531,3922,17.5,75.0,57.5,6,113,1.0
532,3923,27.0,53.5,26.5,4,43,1.0
533,3925,7.0,47.0,40.0,4,47,1.0
534,3926,3.0,56.0,53.0,6,58,0.0
535,3933,20.5,43.5,23.0,3,47,1.0
536,3936,25.5,76.0,50.5,6,65,1.0
537,3944,27.0,54.5,27.5,4,47,1.0
538,3956,11.0,63.5,52.5,6,66,1.0
539,3966,17.0,50.5,33.5,5,79,0.0
540,3970,24.5,70.0,45.5,5,34,1.0
541,3990,21.0,44.5,23.5,3,28,1.0
542,4020,20.5,43.0,22.5,3,35,0.0
543,4022,27.0,44.0,17.0,3,32,0.0
544,4033,17.5,55.0,37.5,5,66,1.0
545,4035,19.0,49.5,30.5,4,50,0.0
546,4048,17.5,64.0,46.5,6,67,0.0
547,4049,24.0,52.0,28.0,4,44,1.0
548,4051,14.5,53.5,39.0,5,113,1.0
549,4053,19.5,58.5,39.0,5,31,1.0
550,4054,6.0,60.5,54.5,6,139,1.0
551,4066,24.0,53.0,29.0,4,53,1.0
552,4090,38.5,73.0,34.5,5,44,1.0
553,4091,29.5,64.5,35.0,5,34,1.0
554,4092,27.0,56.0,29.0,4,36,1.0
555,4095,20.5,48.5,28.0,3,39,0.0
556,4098,4.0,46.0,42.0,5,85,0.0
557,4101,11.0,51.0,40.0,4,36,0.0
558,4104,30.5,72.5,42.0,5,35,1.0
559,4113,15.0,41.5,26.5,4,57,0.0
560,4119,24.0,46.0,22.0,3,34,1.0
561,4144,17.0,48.5,31.5,4,77,0.0
562,4145,19.5,54.5,35.0,5,80,0.0
563,4156,6.0,70.0,64.0,6,32,1.0
564,4162,8.0,55.0,47.0,5,73,1.0
565,4172,26.0,58.0,32.0,4,41,0.0
566,4178,11.5,47.5,36.0,4,212,1.0
567,4183,19.0,42.0,23.0,4,70,0.0
568,4199,21.0,53.0,32.0,4,43,1.0
569,4207,23.0,54.5,31.5,4,158,1.0
570,4213,19.0,47.5,28.5,4,36,0.0
571,4219,31.5,56.0,24.5,3,30,0.0
572,4221,19.0,87.0,68.0,6,70,1.0
573,4230,27.0,54.0,27.0,4,42,1.0
574,4232,29.0,44.0,15.0,3,104,1.0
575,4233,16.0,46.5,30.5,4,37,1.0
576,4240,16.0,31.0,15.0,3,39,0.0
577,4250,23.5,46.0,22.5,3,43,1.0
578,4259,4.0,46.0,42.0,5,36,0.0
579,4260,31.5,56.0,24.5,3,33,1.0
580,4265,29.0,78.5,49.5,6,68,1.0
581,4267,21.0,74.0,53.0,5,54,1.0
582,4284,24.0,52.5,28.5,4,36,1.0
583,4286,11.5,47.5,36.0,4,50,0.0
584,4288,26.0,69.0,43.0,5,32,1.0
585,4301,10.5,38.0,27.5,3,35,0.0
586,4304,22.0,63.5,41.5,4,54,1.0
587,4306,21.0,51.0,30.0,4,76,1.0
588,4314,11.0,56.0,45.0,5,72,0.0
589,4320,27.0,80.5,53.5,6,46,1.0
590,4321,37.5,56.0,18.5,3,30,1.0
591,4322,29.0,77.0,48.0,6,57,1.0
592,4324,29.0,57.0,28.0,4,35,1.0
593,4344,9.5,55.5,46.0,5,48,1.0
594,4373,27.0,53.5,26.5,4,75,0.0
595,4376,27.0,73.0,46.0,6,121,1.0
596,4378,15.5,45.5,30.0,4,43,0.0
597,4386,33.0,87.0,54.0,4,31,1.0
598,4399,21.0,55.5,34.5,4,60,1.0
599,4402,26.0,47.5,21.5,3,33,1.0
600,4407,21.0,57.5,36.5,4,43,1.0
601,4420,22.0,59.0,37.0,4,83,1.0
602,4421,25.0,42.5,17.5,3,30,1.0
603,4422,16.0,63.5,47.5,5,30,0.0
604,4427,7.0,44.5,37.5,5,52,0.0
605,4428,17.0,62.0,45.0,5,45,1.0
606,4429,8.5,42.0,33.5,5,35,0.0
607,4431,12.0,44.0,32.0,4,71,0.0
608,4433,26.5,49.0,22.5,3,32,1.0
609,4440,37.0,76.0,39.0,5,57,1.0
610,4441,24.0,56.0,32.0,4,30,1.0
611,4445,37.0,71.0,34.0,5,59,1.0
612,4450,36.0,67.0,31.0,4,57,1.0
613,4453,21.5,42.5,21.0,3,33,1.0
614,4454,19.5,50.0,30.5,4,33,1.0
615,4459,24.0,66.0,42.0,5,41,1.0
616,4466,27.0,46.0,19.0,3,46,1.0
617,4468,13.0,53.0,40.0,5,43,1.0
618,4470,39.0,72.0,33.0,5,41,1.0
619,4471,41.5,83.0,41.5,4,36,1.0
620,4493,5.0,80.0,75.0,7,44,1.0
621,4498,34.0,76.0,42.0,5,45,1.0
622,4516,27.0,49.5,22.5,3,52,1.0
623,4523,23.0,42.0,19.0,3,90,0.0
624,4536,14.0,59.5,45.5,5,44,1.0
625,4565,26.0,55.0,29.0,4,50,1.0
626,4583,21.0,65.5,44.5,5,37,1.0
627,4591,7.0,37.0,30.0,4,69,0.0
628,4606,13.0,38.5,25.5,3,76,0.0
629,4612,21.5,53.5,32.0,4,53,0.0
630,4638,14.0,44.0,30.0,4,39,0.0
631,4642,20.5,46.0,25.5,3,31,0.0
632,4649,27.0,54.5,27.5,4,69,1.0
633,4665,28.5,56.0,27.5,4,50,1.0
634,4672,19.5,50.5,31.0,4,30,0.0
635,4691,29.0,52.5,23.5,4,129,0.0
636,4699,25.5,66.0,40.5,5,51,1.0
637,4704,24.0,65.5,41.5,5,77,0.0
638,4709,11.0,82.5,71.5,7,51,1.0
639,4720,14.0,57.5,43.5,5,34,1.0
640,4732,20.0,54.5,34.5,5,73,1.0
641,4737,27.0,64.5,37.5,5,42,1.0
642,4745,23.0,81.0,58.0,6,40,1.0
643,4746,26.0,48.0,22.0,3,32,0.0
644,4758,22.0,45.5,23.5,3,52,0.0
645,4769,27.0,89.0,62.0,6,78,1.0
646,4771,23.0,47.5,24.5,3,120,1.0
647,4773,37.0,56.0,19.0,3,33,1.0
648,4775,20.0,76.0,56.0,7,30,1.0
649,4784,29.0,49.5,20.5,3,33,0.0
650,4793,24.0,67.0,43.0,5,45,1.0
651,4818,26.5,48.5,22.0,3,110,1.0
652,4820,27.5,68.0,40.5,5,49,1.0
653,4823,21.0,55.0,34.0,4,47,1.0
654,4835,21.5,55.0,33.5,4,34,1.0
655,4856,24.0,46.0,22.0,3,84,1.0
656,4857,26.0,53.0,27.0,4,50,1.0
657,4879,8.0,54.0,46.0,5,70,1.0
658,4896,27.0,73.5,46.5,6,30,1.0
659,4897,16.0,46.0,30.0,4,36,0.0
660,4900,27.0,58.5,31.5,4,38,1.0
661,4901,21.0,50.0,29.0,3,31,1.0
662,4907,27.0,56.5,29.5,4,32,1.0
663,4910,20.0,44.0,24.0,4,48,0.0
664,4912,27.0,54.0,27.0,4,28,1.0
665,4914,28.5,41.5,13.0,3,33,0.0
666,4916,27.0,52.5,25.5,4,32,1.0
667,4919,25.0,72.5,47.5,6,46,1.0
668,4938,29.0,73.0,44.0,6,35,1.0
669,4949,13.5,63.0,49.5,6,90,1.0
670,4952,25.5,58.5,33.0,4,40,0.0
671,4958,29.0,64.5,35.5,5,71,1.0
672,4978,20.0,48.0,28.0,4,56,1.0
673,4990,29.0,61.5,32.5,5,31,1.0
674,4996,27.0,73.5,46.5,6,37,1.0
675,5005,27.0,57.5,30.5,4,35,1.0
676,5009,27.0,49.5,22.5,3,64,1.0
677,5018,20.0,46.0,26.0,4,43,0.0
678,5031,17.0,48.5,31.5,4,43,0.0
679,5043,18.0,42.5,24.5,4,37,0.0
680,5052,6.0,52.5,46.5,5,31,1.0
681,5058,11.0,44.0,33.0,4,40,0.0
682,5063,23.0,47.0,24.0,3,60,0.0
683,5072,19.0,51.5,32.5,4,36,0.0
684,5082,23.5,81.0,57.5,6,46,1.0
685,5097,38.5,74.0,35.5,5,32,1.0
686,5100,27.0,42.0,15.0,3,35,1.0
687,5106,31.0,83.0,52.0,5,50,1.0
688,5107,19.0,44.0,25.0,4,65,1.0
689,5116,28.0,46.5,18.5,3,37,1.0
690,5121,24.0,50.5,26.5,4,37,1.0
691,5127,16.5,89.5,73.0,7,146,1.0
692,5130,16.0,40.5,24.5,4,36,0.0
693,5139,27.0,49.0,22.0,3,32,1.0
694,5152,29.0,48.0,19.0,3,31,1.0
695,5153,7.0,58.0,51.0,6,59,0.0
696,5154,9.5,82.0,72.5,6,30,1.0
697,5159,20.0,74.0,54.0,7,55,1.0
698,5168,14.5,46.0,31.5,4,37,1.0
699,5195,27.5,52.5,25.0,4,35,1.0
700,5196,23.0,59.0,36.0,4,33,0.0
701,5219,27.0,51.0,24.0,4,41,1.0
702,5221,19.0,46.0,27.0,4,38,1.0
703,5224,16.0,43.0,27.0,4,56,0.0
704,5226,20.5,52.0,31.5,4,78,0.0
705,5245,5.0,66.0,61.0,7,125,1.0
706,5251,19.5,41.0,21.5,4,39,0.0
707,5264,27.0,44.0,17.0,3,49,0.0
708,5266,26.0,46.0,20.0,3,36,0.0
709,5274,15.0,36.5,21.5,3,46,0.0
710,5277,24.5,64.5,40.0,5,47,1.0
711,5289,9.5,65.0,55.5,6,37,1.0
712,5290,24.5,62.5,38.0,5,41,1.0
713,5292,11.0,43.0,32.0,4,65,0.0
714,5301,22.0,45.0,23.0,3,32,1.0
715,5307,18.0,46.0,28.0,4,47,0.0
716,5312,27.0,86.0,59.0,6,78,1.0
717,5316,29.0,66.0,37.0,5,30,1.0
718,5333,24.0,62.5,38.5,5,33,1.0
719,5335,11.0,49.5,38.5,4,41,0.0
720,5353,20.5,44.0,23.5,3,48,1.0
721,5374,13.5,46.0,32.5,4,47,0.0
722,5385,23.0,52.5,29.5,4,74,0.0
723,5394,9.5,47.0,37.5,5,47,0.0
724,5398,26.0,51.0,25.0,4,34,1.0
725,5399,30.5,59.0,28.5,3,47,1.0
726,5409,30.0,54.0,24.0,4,58,1.0
727,5416,25.0,82.0,57.0,6,168,1.0
728,5436,6.5,53.5,47.0,6,58,0.0
729,5448,36.0,88.5,52.5,5,33,1.0
730,5452,22.0,65.0,43.0,5,62,1.0
731,5480,21.5,52.5,31.0,4,51,1.0
732,5484,23.5,56.0,32.5,4,31,1.0
733,5501,27.0,44.0,17.0,3,30,0.0
734,5502,17.0,43.5,26.5,4,37,0.0
735,5506,28.0,55.5,27.5,4,31,1.0
736,5509,9.5,45.5,36.0,5,32,0.0
737,5512,14.0,31.0,17.0,3,46,0.0
738,5516,19.5,40.5,21.0,4,36,0.0
739,5518,12.0,64.5,52.5,6,165,1.0
740,5531,22.0,46.0,24.0,3,76,1.0
741,5533,23.0,56.0,33.0,4,45,1.0
742,5535,27.0,44.5,17.5,3,32,1.0
743,5537,5.0,36.0,31.0,4,31,0.0
744,5538,19.0,46.0,27.0,4,47,0.0
745,5545,13.0,71.0,58.0,7,45,1.0
746,5558,20.0,42.0,22.0,4,38,0.0
747,5578,26.5,60.5,34.0,5,34,1.0
748,5591,23.0,46.5,23.5,3,52,1.0
749,5593,19.0,44.0,25.0,4,34,1.0
750,5603,26.5,46.0,19.5,3,37,1.0
751,5606,21.5,48.5,27.0,3,33,1.0
752,5644,20.0,39.5,19.5,3,36,0.0
753,5646,24.0,43.0,19.0,3,36,1.0
754,5654,20.0,36.0,16.0,3,41,0.0
755,5657,6.0,50.0,44.0,5,67,1.0
756,5660,11.0,76.0,65.0,5,29,0.0
757,5662,19.5,44.0,24.5,4,40,0.0
758,5671,20.5,66.5,46.0,5,132,1.0
759,5674,15.5,42.0,26.5,4,35,0.0
760,5676,13.0,87.5,74.5,7,39,1.0
761,5697,30.0,43.0,13.0,3,34,1.0
762,5712,27.0,66.0,39.0,5,49,1.0
763,5714,23.5,76.0,52.5,6,203,1.0
764,5717,17.0,64.0,47.0,6,52,1.0
765,5719,24.0,47.5,23.5,3,45,1.0
766,5726,23.0,66.5,43.5,5,74,1.0
767,5733,28.0,49.0,21.0,3,30,1.0
768,5734,20.0,47.5,27.5,4,56,1.0
769,5737,24.0,55.5,31.5,4,51,1.0
770,5741,13.0,38.5,25.5,3,40,0.0
771,5743,15.0,36.0,21.0,3,32,0.0
772,5745,20.0,39.0,19.0,3,38,0.0
773,5746,11.5,45.0,33.5,4,62,0.0
774,5751,15.5,34.5,19.0,3,47,0.0
775,5756,24.0,65.0,41.0,5,37,1.0
776,5772,19.0,48.5,29.5,4,49,1.0
777,5777,22.0,49.5,27.5,3,30,1.0
778,5786,11.0,62.5,51.5,6,61,1.0
779,5799,22.0,83.5,61.5,6,57,0.0
780,5803,20.0,62.5,42.5,6,99,1.0
781,5816,20.0,39.0,19.0,3,33,0.0
782,5820,11.0,54.0,43.0,5,39,1.0
783,5852,23.0,55.5,32.5,4,37,1.0
784,5857,15.0,36.0,21.0,3,38,0.0
785,5875,26.0,46.0,20.0,3,30,1.0
786,5885,5.0,38.0,33.0,4,42,0.0
787,5893,18.5,40.5,22.0,4,37,0.0
788,5899,13.0,40.0,27.0,3,34,0.0
789,5906,12.5,44.0,31.5,4,54,1.0
790,5908,17.0,41.0,24.0,4,30,0.0
791,5910,22.5,54.0,31.5,4,32,1.0
792,5913,18.5,39.0,20.5,3,36,0.0
793,5921,21.5,58.0,36.5,4,36,0.0
794,5934,7.0,49.0,42.0,5,48,0.0
795,5936,19.0,36.0,17.0,3,54,0.0
796,5948,27.0,63.0,36.0,4,40,1.0
797,5953,16.0,66.0,50.0,6,58,1.0
798,5958,11.0,58.0,47.0,5,57,1.0
799,5990,13.0,39.0,26.0,3,71,0.0
800,5991,28.5,67.0,38.5,5,71,1.0
801,5994,24.0,68.0,44.0,5,71,1.0
802,6000,19.0,65.0,46.0,6,29,1.0
803,6011,16.5,39.0,22.5,3,42,0.0
804,6012,27.0,62.5,35.5,5,40,1.0
805,6030,24.0,44.0,20.0,3,62,0.0
806,6033,27.0,56.5,29.5,4,35,1.0
807,6034,22.5,44.5,22.0,3,33,1.0
808,6038,20.0,51.0,31.0,5,47,0.0
809,6054,20.0,38.0,18.0,3,37,0.0
810,6055,23.0,49.0,26.0,3,36,1.0
811,6072,19.0,46.0,27.0,4,48,1.0
812,6101,16.5,60.0,43.5,5,52,1.0
813,6102,13.0,63.0,50.0,6,34,1.0
814,6120,28.0,65.0,37.0,5,50,1.0
815,6125,22.5,59.0,36.5,4,84,1.0
816,6126,33.5,56.0,22.5,3,30,1.0
817,6134,12.0,41.5,29.5,4,68,0.0
818,6146,7.0,75.5,68.5,8,30,1.0
819,6147,26.0,48.0,22.0,3,36,1.0
820,6148,13.0,45.5,32.5,4,43,0.0
821,6149,10.5,50.5,40.0,5,52,0.0
822,6174,14.5,56.5,42.0,4,31,1.0
823,6178,7.0,46.5,39.5,5,39,0.0
824,6181,21.0,61.5,40.5,5,195,1.0
825,6195,24.0,60.5,36.5,5,88,1.0
826,6202,13.0,46.0,33.0,4,61,1.0
827,6207,15.0,43.5,28.5,4,34,1.0
828,6209,25.5,42.5,17.0,3,43,0.0
829,6212,23.5,49.0,25.5,3,36,0.0
830,6236,27.0,50.0,23.0,3,41,1.0
831,6238,22.0,56.0,34.0,4,53,1.0
832,6244,11.0,60.5,49.5,6,58,1.0
833,6260,24.0,90.0,66.0,4,40,1.0
834,6273,23.0,41.0,18.0,3,37,0.0
835,6280,27.0,76.0,49.0,6,40,1.0
836,6281,21.0,51.0,30.0,4,39,1.0
837,6285,24.0,53.0,29.0,4,49,1.0
838,6288,24.0,40.5,16.5,3,32,0.0
839,6290,20.0,44.5,24.5,4,35,1.0
840,6294,9.5,36.5,27.0,4,51,0.0
841,6304,13.0,42.0,29.0,4,34,1.0
842,6307,27.0,46.0,19.0,3,43,1.0
843,6317,27.0,47.5,20.5,3,43,1.0
844,6336,22.0,56.0,34.0,3,33,1.0
845,6337,19.0,41.0,22.0,4,53,0.0
846,6342,10.0,79.0,69.0,5,31,0.0
847,6344,27.0,56.0,29.0,4,43,1.0
848,6400,29.5,49.0,19.5,3,33,1.0
849,6401,33.0,56.0,23.0,3,39,1.0
850,6405,17.0,50.5,33.5,5,90,0.0
851,6407,19.5,71.0,51.5,7,84,1.0
852,6410,5.5,52.5,47.0,5,38,0.0
853,6415,22.5,42.5,20.0,3,44,0.0
854,6429,30.0,53.0,23.0,4,30,1.0
855,6430,24.0,46.5,22.5,3,33,0.0
856,6434,6.0,39.5,33.5,3,37,0.0
857,6459,20.5,46.0,25.5,3,53,1.0
858,6468,5.0,38.0,33.0,4,35,0.0
859,6477,31.0,63.0,32.0,4,36,1.0
860,6478,24.0,41.0,17.0,3,30,1.0
861,6481,18.0,59.0,41.0,5,32,0.0
862,6483,13.5,47.0,33.5,4,59,0.0
863,6494,12.5,39.0,26.5,3,57,0.0
864,6499,24.5,59.0,34.5,4,64,1.0
865,6500,22.0,55.5,33.5,4,69,1.0
866,6513,26.5,76.0,49.5,5,54,1.0
867,6564,19.0,66.0,47.0,6,46,1.0
868,6581,17.0,45.5,28.5,4,33,0.0
869,6594,12.0,36.0,24.0,3,94,0.0
870,6599,19.0,54.0,35.0,5,62,0.0
871,6604,6.0,45.5,39.5,5,32,0.0
872,6608,28.0,46.0,18.0,3,31,1.0
873,6610,22.0,46.0,24.0,3,49,0.0
874,6613,13.0,43.5,30.5,4,33,0.0
875,6623,23.0,42.0,19.0,3,48,0.0
876,6626,23.5,44.5,21.0,3,35,0.0
877,6638,11.0,60.5,49.5,6,135,1.0
878,6663,9.0,46.0,37.0,5,57,1.0
879,6668,14.0,47.5,33.5,4,54,1.0
880,6673,19.5,44.0,24.5,4,44,0.0
881,6678,19.0,38.0,19.0,3,41,0.0
882,6688,24.0,49.0,25.0,3,84,1.0
883,6691,16.0,36.0,20.0,3,42,0.0
884,6711,5.0,73.0,68.0,5,48,0.0
885,6726,13.0,36.5,23.5,3,63,0.0
886,6728,15.5,56.0,40.5,5,45,1.0
887,6735,18.5,40.0,21.5,3,41,0.0
888,6742,11.0,48.0,37.0,4,39,1.0
889,6743,20.0,46.5,26.5,4,141,1.0
890,6745,5.0,36.0,31.0,4,65,0.0
891,6758,24.0,47.5,23.5,3,32,1.0
892,6761,23.5,75.0,51.5,3,48,1.0
893,6769,25.5,54.5,29.0,4,39,1.0
894,6773,20.0,46.0,26.0,4,38,1.0
895,6806,16.0,69.5,53.5,5,101,1.0
896,6809,27.0,66.0,39.0,4,30,1.0
897,6815,21.0,41.0,20.0,3,80,0.0
898,6821,24.0,59.0,35.0,4,61,1.0
899,6825,14.0,40.5,26.5,4,43,0.0
900,6828,31.0,67.0,36.0,4,44,1.0
901,6830,18.0,49.5,31.5,4,66,1.0
902,6831,20.0,64.0,44.0,6,40,0.0
903,6840,5.0,43.0,38.0,5,68,0.0
904,6844,24.0,51.5,27.5,4,44,1.0
905,6850,27.0,52.0,25.0,4,37,1.0
906,6863,22.5,48.5,26.0,3,35,0.0
907,6871,13.0,46.0,33.0,4,58,1.0
908,6888,23.5,45.5,22.0,3,37,1.0
909,6889,20.0,63.5,43.5,6,58,1.0
910,6892,13.0,78.0,65.0,5,45,0.0
911,6930,23.0,45.0,22.0,3,36,1.0
912,6931,26.0,50.0,24.0,3,35,1.0
913,6946,32.0,81.0,49.0,5,33,1.0
914,6953,11.0,31.0,20.0,3,40,0.0
915,6958,15.5,45.5,30.0,4,30,0.0
916,6962,20.0,56.0,36.0,5,69,0.0
917,6972,5.0,36.5,31.5,4,33,0.0
918,6993,15.0,43.0,28.0,4,58,0.0
919,7012,24.0,53.5,29.5,4,32,1.0
920,7024,7.5,42.0,34.5,5,75,0.0
921,7037,28.5,50.5,22.0,4,65,1.0
922,7049,20.0,46.0,26.0,4,72,1.0
923,7050,20.0,45.5,25.5,4,58,0.0
924,7063,20.0,56.0,36.0,5,41,1.0
925,7065,24.0,75.0,51.0,5,36,1.0
926,7066,9.0,56.0,47.0,6,57,0.0
927,7067,16.0,36.5,20.5,3,32,1.0
928,7080,25.0,70.5,45.5,6,46,1.0
929,7085,19.0,53.0,34.0,4,40,1.0
930,7092,13.5,67.5,54.0,6,48,1.0
931,7098,16.0,59.5,43.5,5,33,1.0
932,7131,27.0,44.0,17.0,3,32,1.0
933,7135,11.0,35.5,24.5,3,31,0.0
934,7141,6.0,34.5,28.5,4,40,0.0
935,7181,15.5,36.0,20.5,3,44,0.0
936,7210,24.0,51.0,27.0,4,49,0.0
937,7249,24.0,52.5,28.5,3,33,1.0
938,7263,20.0,46.0,26.0,4,30,0.0
939,7277,17.0,55.0,38.0,5,52,1.0
940,7287,6.5,56.5,50.0,6,36,0.0
941,7288,18.0,43.5,25.5,4,43,0.0
942,7289,13.0,43.0,30.0,4,30,0.0
943,7294,16.5,62.5,46.0,5,36,1.0
944,7299,19.5,39.5,20.0,3,151,0.0
945,7306,27.0,76.0,49.0,6,39,1.0
946,7328,19.5,43.0,23.5,4,48,1.0
947,7346,29.5,54.0,24.5,4,30,1.0
948,7348,21.0,44.5,23.5,3,34,0.0
949,7350,19.0,37.0,18.0,3,39,0.0
950,7353,27.0,41.0,14.0,3,30,1.0
951,7357,25.0,47.5,22.5,3,91,1.0
952,7358,11.5,38.0,26.5,3,47,0.0
953,7360,13.0,36.0,23.0,3,47,0.0
954,7365,23.0,46.0,23.0,3,38,1.0
955,7370,24.5,45.5,21.0,3,42,1.0
956,7371,14.0,48.0,34.0,4,38,0.0
957,7375,12.5,40.0,27.5,3,79,0.0
958,7387,14.0,41.5,27.5,4,39,1.0
959,7402,13.5,44.5,31.0,4,198,0.0
960,7409,27.5,44.0,16.5,3,34,0.0
961,7423,18.0,42.0,24.0,4,34,0.0
962,7431,23.0,41.5,18.5,3,42,1.0
963,7450,24.0,50.5,26.5,4,53,1.0
964,7451,23.0,41.0,18.0,3,40,0.0
965,7465,5.0,39.0,34.0,4,32,0.0
966,7478,8.0,37.0,29.0,4,72,0.0
967,7500,5.0,36.0,31.0,4,33,0.0
968,7501,6.0,36.0,30.0,4,44,0.0
969,7522,27.0,44.0,17.0,3,35,1.0
970,7537,14.0,41.0,27.0,4,88,0.0
971,7552,23.0,41.0,18.0,3,36,0.0
972,7577,19.5,45.5,26.0,4,33,1.0
973,7590,19.0,47.5,28.5,4,35,0.0
974,7593,32.5,65.0,32.5,4,66,1.0
975,7598,4.5,31.5,27.0,3,42,0.0
976,7600,13.0,39.0,26.0,3,60,0.0
977,7608,16.0,46.0,30.0,4,33,1.0
978,7617,23.0,56.0,33.0,4,32,1.0
979,7618,15.0,65.0,50.0,6,47,1.0
980,7619,27.0,84.0,57.0,6,42,1.0
981,7670,22.0,55.5,33.5,3,30,1.0
982,7674,31.0,66.0,35.0,4,41,1.0
983,7679,29.5,61.5,32.0,5,48,1.0
984,7682,22.0,64.5,42.5,3,32,0.0
985,7689,24.0,47.0,23.0,3,47,1.0
986,7761,22.5,46.0,23.5,3,39,1.0
987,7769,29.0,52.0,23.0,4,37,1.0
988,7776,17.0,48.5,31.5,4,54,1.0
989,7778,24.5,46.0,21.5,3,30,1.0
990,7783,24.0,53.0,29.0,4,52,1.0
991,7786,4.0,29.5,25.5,3,70,0.0
992,7791,21.0,44.5,23.5,3,30,1.0
993,7802,29.0,54.0,25.0,4,35,1.0
994,7804,26.0,61.0,35.0,4,41,1.0
995,7821,20.5,44.0,23.5,3,46,1.0
996,7829,15.0,50.0,35.0,4,31,0.0
997,7856,11.0,37.0,26.0,3,59,0.0
998,7869,8.5,37.0,28.5,4,32,0.0
999,7875,24.0,58.5,34.5,4,36,1.0
1000,7888,23.0,41.5,18.5,3,62,0.0
1001,7891,20.0,44.0,24.0,4,37,1.0
1002,7905,13.0,39.0,26.0,3,33,0.0
1003,7912,11.0,43.0,32.0,4,41,0.0
1004,7918,23.5,46.0,22.5,3,65,0.0
1005,7923,19.0,81.5,62.5,7,40,1.0
1006,7924,27.5,43.0,15.5,3,31,0.0
1007,7926,26.0,46.0,20.0,3,33,1.0
1008,7928,18.0,86.5,68.5,5,32,1.0
1009,7938,19.5,38.0,18.5,3,32,0.0
1010,7941,24.0,44.0,20.0,3,34,0.0
1011,7944,11.0,49.0,38.0,4,30,1.0
1012,7951,21.0,45.0,24.0,3,64,0.0
1013,7956,29.5,56.0,26.5,4,33,1.0
1014,7970,23.0,65.5,42.5,5,67,1.0
1015,7975,19.0,37.0,18.0,3,34,0.0
1016,7977,23.0,56.5,33.5,4,76,1.0
1017,7987,25.0,66.0,41.0,5,74,1.0
1018,7993,11.0,43.5,32.5,4,55,1.0
1019,7994,6.0,33.0,27.0,4,48,0.0
1020,7996,13.0,58.5,45.5,4,116,0.0
1021,8000,27.0,64.0,37.0,4,40,1.0
1022,8010,28.0,66.5,38.5,5,33,1.0
1023,8022,22.0,72.0,50.0,6,68,1.0
1024,8023,15.5,44.0,28.5,4,36,0.0
1025,8028,25.0,44.5,19.5,3,35,1.0
1026,8035,7.0,72.0,65.0,5,36,0.0
1027,8042,27.5,64.0,36.5,5,54,1.0
1028,8046,23.0,59.5,36.5,4,46,0.0
1029,8048,24.0,66.0,42.0,5,37,1.0
1030,8050,24.5,57.5,33.0,4,63,1.0
1031,8068,27.0,44.0,17.0,3,53,0.0
1032,8072,7.0,40.5,33.5,5,33,0.0
1033,8076,6.0,47.0,41.0,4,49,0.0
1034,8100,27.0,61.5,34.5,5,42,1.0
1035,8112,26.0,64.0,38.0,5,31,1.0
1036,8114,11.5,57.0,45.5,5,52,1.0
1037,8116,29.0,55.0,26.0,4,60,0.0
1038,8119,19.0,56.0,37.0,5,33,1.0
1039,8145,23.0,44.0,21.0,3,46,1.0
1040,8186,27.0,55.0,28.0,4,69,0.0
1041,8200,11.0,48.0,37.0,4,35,1.0
1042,8204,9.0,36.0,27.0,4,37,0.0
1043,8206,21.0,60.5,39.5,5,60,1.0
1044,8217,23.0,48.5,25.5,3,34,0.0
1045,8233,12.0,64.5,52.5,5,40,0.0
1046,8234,22.0,53.5,31.5,3,60,0.0
1047,8236,22.5,65.5,43.0,5,58,1.0
1048,8238,14.0,38.5,24.5,3,30,0.0
1049,8245,26.5,40.5,14.0,3,30,0.0
1050,8258,9.0,54.5,45.5,6,65,1.0
1051,8270,23.0,60.5,37.5,4,33,1.0
1052,8274,13.0,41.0,28.0,4,40,1.0
1053,8284,29.0,54.0,25.0,4,39,1.0
1054,8303,6.0,42.0,36.0,5,61,0.0
1055,8309,18.5,31.0,12.5,3,34,0.0
1056,8316,13.0,54.0,41.0,5,52,0.0
1057,8355,23.5,45.0,21.5,3,58,1.0
1058,8357,14.0,37.5,23.5,3,30,0.0
1059,8360,11.5,39.0,27.5,3,55,0.0
1060,8378,25.5,41.0,15.5,3,46,1.0
1061,8384,6.0,42.0,36.0,5,36,0.0
1062,8387,20.0,46.0,26.0,4,43,0.0
1063,8393,16.5,38.0,21.5,3,32,0.0
1064,8398,20.0,42.0,22.0,4,55,1.0
1065,8410,14.0,41.0,27.0,4,40,0.0
1066,8415,20.0,35.0,15.0,3,32,0.0
1067,8426,23.0,44.5,21.5,3,34,0.0
1068,8429,14.0,46.0,32.0,4,42,1.0
1069,8431,7.0,59.0,52.0,6,33,1.0
1070,8444,26.0,60.0,34.0,4,80,1.0
1071,8452,11.0,36.0,25.0,3,30,0.0
1072,8500,21.0,43.0,22.0,3,30,0.0
1073,8501,18.0,44.5,26.5,4,31,0.0
1074,8512,19.5,56.0,36.5,5,48,1.0
1075,8538,26.0,60.5,34.5,5,34,1.0
1076,8545,18.5,37.0,18.5,3,66,0.0
1077,8557,7.0,47.0,40.0,4,44,1.0
1078,8573,17.0,37.5,20.5,3,116,0.0
1079,8575,13.0,34.0,21.0,3,36,0.0
1080,8578,6.0,34.0,28.0,4,50,0.0
1081,8580,19.0,42.0,23.0,4,34,0.0
1082,8585,28.5,63.5,35.0,5,30,1.0
1083,8601,23.0,44.0,21.0,3,35,1.0
1084,8602,6.0,34.0,28.0,4,30,0.0
1085,8607,26.0,60.0,34.0,4,43,1.0
1086,8609,7.0,38.0,31.0,4,33,1.0
1087,8614,23.5,46.5,23.0,3,47,0.0
1088,8619,12.0,50.5,38.5,5,57,1.0
1089,8625,5.0,41.0,36.0,5,38,0.0
1090,8632,22.5,46.0,23.5,3,30,0.0
1091,8633,24.0,52.0,28.0,4,45,1.0
1092,8643,13.0,37.0,24.0,3,52,0.0
1093,8657,24.0,46.5,22.5,3,30,0.0
1094,8663,13.0,83.0,70.0,6,70,1.0
1095,8667,23.0,46.0,23.0,3,36,1.0
1096,8684,8.0,33.0,25.0,4,35,0.0
1097,8689,22.0,56.0,34.0,4,31,1.0
1098,8695,17.0,44.0,27.0,4,62,0.0
1099,8699,16.0,46.5,30.5,4,30,1.0
1100,8705,23.0,63.0,40.0,5,84,1.0
1101,8708,27.0,59.5,32.5,4,31,1.0
1102,8722,17.5,44.0,26.5,3,31,0.0
1103,8733,19.0,63.0,44.0,5,36,1.0
1104,8745,6.0,42.5,36.5,5,120,0.0
1105,8746,14.0,42.0,28.0,4,70,0.0
1106,8767,20.0,43.5,23.5,4,90,1.0
1107,8779,7.0,38.5,31.5,4,31,0.0
1108,8786,6.0,30.0,24.0,3,44,0.0
1109,8794,18.0,46.0,28.0,4,56,1.0
1110,8796,21.0,46.0,25.0,3,37,1.0
1111,8799,27.0,44.0,17.0,3,42,1.0
1112,8800,6.0,36.0,30.0,4,41,0.0
1113,8821,5.0,48.0,43.0,5,29,0.0
1114,8825,26.0,49.0,23.0,3,31,1.0
1115,8832,20.0,33.0,13.0,3,33,0.0
1116,8834,13.0,40.0,27.0,3,44,0.0
1117,8851,11.5,49.0,37.5,4,33,1.0
1118,8858,14.0,38.0,24.0,3,35,0.0
1119,8861,19.0,81.5,62.5,5,93,0.0
1120,8888,15.0,36.0,21.0,3,54,0.0
1121,8895,13.0,45.5,32.5,4,36,1.0
1122,8903,27.0,56.0,29.0,4,34,1.0
1123,8908,29.0,56.0,27.0,4,32,1.0
1124,8914,25.5,47.0,21.5,3,64,1.0
1125,8926,19.0,39.0,20.0,3,67,0.0
1126,8965,13.0,51.5,38.5,5,35,1.0
1127,8966,13.0,44.0,31.0,4,35,0.0
1128,8972,13.0,77.0,64.0,7,30,0.0
1129,8986,13.0,40.0,27.0,3,34,0.0
1130,8999,23.0,49.0,26.0,3,30,0.0
1131,9000,15.0,45.5,30.5,4,38,1.0
1132,9008,19.5,46.0,26.5,4,30,1.0
1133,9015,24.5,82.0,57.5,6,31,1.0
1134,9026,24.0,59.0,35.0,4,44,1.0
1135,9030,19.0,48.5,29.5,4,33,1.0
1136,9035,25.0,48.5,23.5,3,45,1.0
1137,9039,9.0,50.0,41.0,5,104,1.0
1138,9048,17.0,40.5,23.5,4,34,1.0
1139,9051,18.5,37.5,19.0,3,49,0.0
1140,9083,18.5,38.5,20.0,3,32,0.0
1141,9094,36.5,56.5,20.0,3,42,1.0
1142,9124,11.0,54.5,43.5,5,90,0.0
1143,9141,12.5,37.5,25.0,3,33,0.0
1144,9143,17.0,48.0,31.0,4,35,1.0
1145,9156,7.0,43.0,36.0,5,50,0.0
1146,9171,21.5,41.0,19.5,3,32,0.0
1147,9174,16.5,35.0,18.5,3,32,0.0
1148,9185,20.0,41.5,21.5,4,41,0.0
1149,9209,15.0,34.0,19.0,3,34,0.0
1150,9222,25.5,56.0,30.5,4,31,0.0
1151,9224,9.0,37.0,28.0,4,37,0.0
1152,9226,18.0,41.0,23.0,4,46,0.0
1153,9236,6.0,33.0,27.0,4,60,0.0
1154,9241,21.0,42.0,21.0,3,142,1.0
1155,9243,24.0,41.0,17.0,3,33,1.0
1156,9249,23.0,43.0,20.0,3,34,1.0
1157,9264,24.0,44.0,20.0,3,45,0.0
1158,9265,19.0,37.0,18.0,3,36,0.0
1159,9268,20.0,37.0,17.0,3,32,0.0
1160,9287,25.5,71.5,46.0,4,40,1.0
1161,9291,20.0,40.0,20.0,3,34,0.0
1162,9311,13.5,43.5,30.0,4,56,1.0
1163,9352,17.5,42.5,25.0,4,50,0.0
1164,9355,6.0,27.0,21.0,3,58,0.0
1165,9356,11.0,38.5,27.5,3,32,0.0
1166,9362,18.0,76.0,58.0,5,40,0.0
1167,9371,23.0,66.0,43.0,5,59,1.0
1168,9383,5.0,65.0,60.0,5,47,1.0
1169,9410,24.0,42.5,18.5,3,36,1.0
1170,9423,5.0,25.0,20.0,3,47,0.0
1171,9427,5.0,49.0,44.0,4,45,0.0
1172,9452,14.0,62.5,48.5,6,49,1.0
1173,9486,28.5,65.5,37.0,5,58,1.0
1174,9493,6.0,39.0,33.0,4,45,0.0
1175,9515,25.0,59.5,34.5,4,63,1.0
1176,9543,7.0,59.0,52.0,5,65,1.0
1177,9544,7.0,44.0,37.0,5,149,0.0
1178,9548,26.0,55.0,29.0,4,38,1.0
1179,9553,23.0,64.5,41.5,3,33,0.0
1180,9559,20.0,36.0,16.0,3,34,0.0
1181,9562,23.0,66.5,43.5,5,54,1.0
1182,9570,7.0,64.5,57.5,5,71,1.0
1183,9601,27.0,53.5,26.5,4,30,1.0
1184,9612,4.0,41.5,37.5,4,31,0.0
1185,9617,4.0,50.5,46.5,6,86,0.0
1186,9620,8.0,37.5,29.5,4,78,0.0
1187,9629,19.5,40.5,21.0,4,30,1.0
1188,9635,29.0,55.0,26.0,4,30,1.0
1189,9636,17.0,52.0,35.0,5,30,1.0
1190,9644,17.0,38.5,21.5,3,31,0.0
1191,9650,11.0,46.0,35.0,4,85,1.0
1192,9670,20.0,46.5,26.5,4,39,1.0
1193,9673,7.0,38.0,31.0,4,33,0.0
1194,9692,5.0,44.0,39.0,4,38,1.0
1195,9694,18.0,54.5,36.5,5,38,1.0
1196,9715,21.5,42.5,21.0,3,44,0.0
1197,9719,23.0,41.0,18.0,3,74,1.0
1198,9721,6.0,36.5,30.5,4,34,0.0
1199,9722,26.0,58.5,32.5,4,35,1.0
1200,9726,27.0,71.5,44.5,6,55,1.0
1201,9744,20.0,42.5,22.5,4,31,0.0
1202,9747,13.0,75.0,62.0,7,69,1.0
1203,9753,26.0,44.0,18.0,3,30,0.0
1204,9757,23.0,42.5,19.5,3,49,0.0
1205,9760,27.0,49.0,22.0,3,47,1.0
1206,9781,13.0,43.5,30.5,4,43,0.0
1207,9790,19.5,44.0,24.5,4,86,1.0
1208,9798,27.0,44.0,17.0,3,32,1.0
1209,9818,20.0,46.0,26.0,4,42,0.0
1210,9829,23.0,46.0,23.0,3,37,1.0
1211,9847,7.5,76.0,68.5,6,31,0.0
1212,9869,24.0,46.5,22.5,3,38,1.0
1213,9874,25.5,65.0,39.5,5,33,1.0
1214,9880,5.0,36.0,31.0,3,30,0.0
1215,9884,24.0,58.5,34.5,4,32,1.0
1216,9898,12.0,39.0,27.0,3,45,0.0
1217,9910,25.5,44.0,18.5,3,32,1.0
1218,9915,19.0,46.0,27.0,4,44,0.0
1219,9918,15.5,36.5,21.0,3,31,0.0
1220,9925,17.5,68.0,50.5,6,37,1.0
1221,9933,18.0,46.0,28.0,4,56,1.0
1222,9941,15.5,46.0,30.5,4,58,1.0
1223,9952,19.0,43.0,24.0,4,83,1.0
1224,9977,10.0,36.0,26.0,4,35,0.0
1225,9986,23.0,66.0,43.0,4,61,1.0
1226,9989,13.0,33.0,20.0,3,36,0.0
1227,9997,22.0,50.0,28.0,3,74,1.0
1228,10008,25.5,76.5,51.0,6,41,1.0
1229,10030,19.0,39.0,20.0,3,88,1.0
1230,10035,25.5,40.5,15.0,3,31,1.0
1231,10041,11.0,40.0,29.0,3,32,0.0
1232,10042,19.5,37.0,17.5,3,48,0.0
1233,10044,23.0,48.5,25.5,3,50,1.0
1234,10047,13.0,36.0,23.0,3,55,0.0
1235,10049,20.0,55.0,35.0,5,33,1.0
1236,10061,27.0,54.0,27.0,4,30,1.0
1237,10069,20.0,45.5,25.5,4,36,0.0
1238,10071,20.5,74.0,53.5,6,51,1.0
1239,10078,36.0,85.5,49.5,4,36,1.0
1240,10085,20.0,41.5,21.5,4,50,1.0
1241,10086,24.0,44.5,20.5,3,31,1.0
1242,10096,13.0,38.0,25.0,3,33,0.0
1243,10098,19.0,41.5,22.5,4,37,1.0
1244,10104,18.5,49.0,30.5,4,51,1.0
1245,10121,8.0,39.0,31.0,4,36,0.0
1246,10123,18.0,38.5,20.5,3,30,0.0
1247,10134,6.0,56.0,50.0,6,30,1.0
1248,10142,6.0,49.5,43.5,4,49,0.0
1249,10145,27.0,68.0,41.0,5,57,1.0
1250,10153,6.0,48.5,42.5,5,32,0.0
1251,10195,23.5,56.5,33.0,4,53,1.0
1252,10224,27.0,49.0,22.0,3,30,1.0
1253,10252,5.0,26.5,21.5,3,39,0.0
1254,10255,13.0,54.0,41.0,5,48,0.0
1255,10263,23.0,40.5,17.5,3,41,0.0
1256,10290,41.0,74.0,33.0,4,32,1.0
1257,10306,20.0,69.0,49.0,5,34,1.0
1258,10311,23.0,54.5,31.5,4,35,1.0
1259,10338,8.0,46.0,38.0,4,56,1.0
1260,10342,3.5,44.0,40.5,5,70,0.0
1261,10352,6.0,38.0,32.0,4,33,0.0
1262,10356,25.5,53.0,27.5,4,30,1.0
1263,10366,36.0,69.0,33.0,4,43,1.0
1264,10386,25.0,59.5,34.5,4,43,1.0
1265,10406,14.0,48.0,34.0,4,32,1.0
1266,10423,15.5,38.5,23.0,3,33,1.0
1267,10428,30.0,55.0,25.0,4,47,1.0
1268,10454,25.0,46.0,21.0,3,31,1.0
1269,10497,9.5,45.0,35.5,4,37,1.0
1270,10541,24.5,56.0,31.5,4,30,1.0
1271,10545,23.0,60.0,37.0,4,30,1.0
1272,10546,27.0,43.5,16.5,3,42,1.0
1273,10553,20.0,65.0,45.0,5,33,1.0
